Requirement ID,Requirement,Decision Source,Priority,Implementation Status,Implementation Evidence,Acceptance/Test ID,Test Status,Open Dependency
OP-PRJ-001,"Support individual and team project workflows","Owner-confirmed DEC-P-01 (2026-10-09)",MUST,"Not implemented in audited checkout","Current HEAD e595add49b43a83bb68c7c618ee4f0416b2b2e6b contains documentation only; no application code","AC-02","BLOCKED","Project lifecycle and account/team model"
OP-PRJ-002,"Support public or private Web projects","Owner-confirmed DEC-P-04 (2026-10-09)",MUST,"Not implemented in audited checkout","Current HEAD e595add49b43a83bb68c7c618ee4f0416b2b2e6b contains documentation only; no application code","AC-02, AC-03","BLOCKED","Visibility semantics and anonymous access"
OP-PRJ-003,"Enforce member role permissions for projects","Owner-confirmed DEC-P-04 (2026-10-09)",MUST,"Not implemented in audited checkout","No authorization code observed in audited checkout","AC-03","BLOCKED","Role matrix and identity provider"
OP-ONT-001,"Use OWL 2 as the core ontology target","Owner-confirmed DEC-P-02 (2026-10-09)",MUST,"Not implemented in audited checkout","No ontology source or dependency manifest observed","AC-04, AC-05","BLOCKED","OWL 2 profile and upstream parser validation"
OP-ONT-002,"Prioritize validation of RDF/XML and Turtle","Owner-confirmed DEC-P-02 (2026-10-09)",MUST,"Not implemented in audited checkout","No parser or format handling code observed","AC-04, AC-05","BLOCKED","Parser selection and supported syntax"
OP-ONT-003,"Identify, import, validate supported input and report errors","Draft derived from owner-confirmed format scope",MUST,"Not implemented in audited checkout","No import or validation implementation observed","AC-04, AC-07","BLOCKED","Parser behavior and error contract"
OP-ONT-004,"Allow editing, saving and exporting imported ontology content","Owner-confirmed desktop scope; detailed workflow draft",MUST,"Not implemented in audited checkout","No editor or persistence implementation observed","AC-01, AC-04","BLOCKED","Editor and local/project storage design"
OP-ONT-005,"Verify reloaded exports against approved OWL semantic fidelity criteria","Draft requirement; fidelity criteria not yet approved",MUST,"Not implemented in audited checkout","No ontology implementation or test suite observed","AC-05","BLOCKED","Test corpus and semantic equivalence criteria"
OP-ONT-006,"Report unsupported, malformed or invalid inputs as failures","Draft reliability/security requirement",MUST,"Not implemented in audited checkout","No input handling implementation observed","AC-04, AC-07","BLOCKED","Parser and error handling"
OP-DESK-001,"Provide complete local ontology editing on desktop","Owner-confirmed DEC-P-03 (2026-10-09)",MUST,"Not implemented in audited checkout","No desktop application observed","AC-01","BLOCKED","Protégé Desktop source/API/build PoC"
OP-DESK-002,"Keep local editing usable without requiring live Web sync","Proposed interpretation of local editing; owner confirmation pending",SHOULD,"Not implemented in audited checkout","No desktop application observed","AC-01","BLOCKED","Offline workflow definition"
OP-XCHG-001,"Use explicit file exchange as the initial desktop/Web bridge","Owner-confirmed DEC-P-03 and DEC-P-06 (2026-10-09)",MUST,"Not implemented in audited checkout","No file exchange implementation observed","AC-06","BLOCKED","Exchange metadata and project baseline"
OP-XCHG-002,"Identify target project and report file exchange outcomes","Draft requirement",MUST,"Not implemented in audited checkout","No upload/download implementation observed","AC-06, AC-07","BLOCKED","Web workflow and error contract"
OP-XCHG-003,"Detect or warn about stale file baselines and possible conflicts","Proposed requirement",SHOULD,"Not implemented in audited checkout","No version or conflict model observed","AC-06","BLOCKED","Conflict policy and version model"
OP-XCHG-004,"Do not imply real-time synchronization in the initial release","Owner-confirmed DEC-P-06 (2026-10-09)",MUST,"Scope constraint; no product implementation","No synchronization implementation observed","AC-06","BLOCKED","Future synchronization evaluation gate"
OP-WEB-001,"Provide Web project management and collaboration","Owner-confirmed DEC-P-03 (2026-10-09)",MUST,"Not implemented in audited checkout","No Web client or server observed","AC-02, AC-06","BLOCKED","Web architecture and collaboration scope"
OP-WEB-002,"Provide project visibility and role permissions","Owner-confirmed DEC-P-04 (2026-10-09)",MUST,"Not implemented in audited checkout","No project or role implementation observed","AC-02, AC-03","BLOCKED","Visibility model and role matrix"
OP-WEB-003,"Enforce authorization on the server for protected project objects","Proposed security constraint based on owner-confirmed role scope",MUST,"Not implemented in audited checkout","No server/API observed","AC-03","BLOCKED","Identity, server authorization and tenant model"
OP-WEB-004,"Distinguish authentication, authorization, missing-object and invalid-input errors","Draft API requirement",SHOULD,"Not implemented in audited checkout","No API observed","AC-03, AC-07","BLOCKED","API and error contract"
OP-WEB-005,"Constrain untrusted upload size and parsing resources","Draft security requirement",MUST,"Not implemented in audited checkout","No upload endpoint observed","AC-07","BLOCKED","Parser and deployment limits"
OP-OPS-001,"Prioritize self-hosted deployment","Owner-confirmed DEC-P-04 (2026-10-09)",MUST,"Not implemented in audited checkout","No deployment configuration observed","AC-11","BLOCKED","Supported deployment environment"
OP-OPS-002,"Avoid requiring external hosting for ontology data in self-hosted mode","Proposed interpretation; confirmation pending",SHOULD,"Not implemented in audited checkout","No data flow or hosting implementation observed","AC-11","BLOCKED","Telemetry and external service policy"
OP-LIC-001,"Evaluate Apache-2.0 as a candidate project license","Owner-confirmed evaluation request DEC-P-05 (2026-10-09)",MUST,"Evaluation not performed; no project license present","No LICENSE or dependency manifest in audited checkout","N/A","UNVERIFIED","Legal review and full dependency/source inventory"
OP-OPS-003,"Define and verify backup, recovery, upgrade and migration before deployment baseline","Draft release requirement",MUST,"Not implemented in audited checkout","No persistence or deployment implementation observed","AC-11","BLOCKED","Storage, recovery objectives and migration plan"
OP-AI-001,"Present ontology modeling outputs as suggestions, not silent writes","Owner-confirmed DEC-P-07 (2026-10-09)",MUST,"Not implemented in audited checkout","No AI or ontology editing implementation observed","AC-09","BLOCKED","Suggestion representation and review UX"
OP-AI-002,"Require authorized user confirmation and validation before AI-proposed writes","Owner-confirmed DEC-P-07 (2026-10-09)",MUST,"Not implemented in audited checkout","No AI, authorization or validation implementation observed","AC-09","BLOCKED","Validation rules and audit model"
OP-AI-003,"Keep initial semantic search read-only","Owner-confirmed DEC-P-07 (2026-10-09)",MUST,"Not implemented in audited checkout","No search implementation observed","AC-10","BLOCKED","Search technology and index permissions"
OP-AI-004,"Do not let AI bypass project authorization; review data flow and privacy","Draft security constraint",MUST,"Not implemented in audited checkout","No AI integration observed","AC-09, AC-10","BLOCKED","AI provider and data handling policy"
OP-AGT-001,"Prevent agents from bypassing authorization to write storage or execute arbitrary commands","Existing project security requirement; user-confirmed boundary",MUST,"Not implemented in audited checkout","No agent or tool integration observed","AC-09","BLOCKED","Tool allowlist, sandbox and approval design"
OP-NFR-SEC-001,"Enforce server-side project authorization and tenant isolation","Draft security requirement","MUST","Not implemented in audited checkout","No server or authorization implementation observed","AC-03","BLOCKED","Identity and data model"
OP-NFR-SEC-002,"Treat ontology files, imports, plugins and AI output as untrusted inputs","Project security rule; needs implementation tests","MUST","Not implemented in audited checkout","No relevant input handlers observed","AC-07, AC-09","BLOCKED","Input surfaces and parser"
OP-NFR-SEC-003,"Define external IRI/network policy to mitigate unintended SSRF","Draft security requirement","MUST","Not implemented in audited checkout","No IRI resolution implementation observed","AC-08","BLOCKED","Parser and network policy"
OP-NFR-DATA-001,"Define semantic fidelity criteria and corpus for supported formats","Draft requirement","MUST","Not implemented in audited checkout","No corpus or ontology tests observed","AC-05","BLOCKED","Product approval and upstream PoC"
OP-NFR-REL-001,"Surface import, authorization and save failures explicitly","Draft reliability requirement","MUST","Not implemented in audited checkout","No application or error handling observed","AC-03, AC-07","BLOCKED","API/UI error behavior"
OP-NFR-OPS-001,"Document and exercise self-host install, upgrade, backup and recovery","Draft release requirement","MUST","Not implemented in audited checkout","No deployment or operations docs observed","AC-11","BLOCKED","Deployment architecture and recovery objectives"
OP-NFR-AI-001,"Keep AI optional and permission-scoped; require user confirmation for writes","Owner-confirmed AI boundary","MUST","Not implemented in audited checkout","No AI integration observed","AC-09, AC-10","BLOCKED","AI architecture and authorization"
OP-NFR-PERF-001,"Evaluate large ontology performance on an approved corpus/environment","Draft quality requirement","SHOULD","Not implemented in audited checkout","No application, benchmark or performance data observed","TBD","UNVERIFIED","Corpus, environment and target thresholds"
OP-NFR-A11Y-001,"Define accessibility and localization criteria after UI choices","Draft requirement","SHOULD","Not implemented in audited checkout","No UI implementation observed","TBD","UNVERIFIED","UI technology, target languages and standards"
OP-NFR-MAINT-001,"Trace requirements to implementation, tests and evidence","Project engineering rule","MUST","Draft traceability matrix created; no application implementation","This CSV and baseline documents","All AC items","Partial: documentation only","Implementation and automated test links"
